{
  "round_performances": [
    -0.04353183557315454,
    -0.05831072762949452,
    -0.050557644236421506,
    -0.04353183557315454,
    -0.044429080199420046,
    -0.05720651039689961,
    -0.043584679411607485,
    -0.05063021310034044,
    -0.0671385001097261,
    -0.0435877366254509
  ],
  "average_performance": -0.05025087628556697,
  "best_performance": -0.04353183557315454,
  "best_round": 1,
  "run_timestamp": "2025-07-29 21:22:00",
  "config": {
    "n_rounds": 10,
    "k_meeting_rounds": 3,
    "test_duration_days": 180,
    "training_duration_days": 365
  }
}