{
  "round_performances": [
    -0.04353183557315454,
    -0.05831072762949452,
    -0.04353183557315454,
    -0.04353183557315454,
    -0.06726019716287679,
    -0.16318429011760083,
    -0.0435877366254509,
    -0.043584679411607485,
    -0.044429080199420046,
    -0.06635004318844773
  ],
  "average_performance": -0.061730226105436194,
  "best_performance": -0.04353183557315454,
  "best_round": 1,
  "run_timestamp": "2025-07-29 21:54:51",
  "config": {
    "n_rounds": 10,
    "k_meeting_rounds": 3,
    "test_duration_days": 180,
    "training_duration_days": 365
  }
}